品番,商品名,商品状態,種別
5210,家電3点セット(洗濯機4.2kg・冷蔵庫80L・電子レンジ),新品,家電
福岡,家電3点セット(洗濯機4.2kg・冷蔵庫80L・電子レンジ),中古,
福岡,家電4点セット(スティック),新品,
福岡,家電4点セット(スティック),中古,
福岡,家電6点セット(特別プラン),新品,
福岡,家電6点セット(特別プラン),中古,
16,16V型液晶テレビ,新品,家電
16,16V型液晶テレビ,中古,家電
19,19V型液晶テレビ,新品,家電
19,19V型液晶テレビ,中古,家電
20,20V型液晶テレビ,新品,家電
20,20V型液晶テレビ,中古,家電
22,22V型液晶テレビ,新品,家電
22,22V型液晶テレビ,中古,家電
24,24V型液晶テレビ,新品,家電
24,24V型液晶テレビ,中古,家電
32,32V型液晶テレビ,新品,家電
32,32V型液晶テレビ,中古,家電
40,40V型液晶テレビ,新品,家電
40,40V型液晶テレビ,中古,家電
271,50V型液晶テレビ,新品,家電
271,50V型液晶テレビ,中古,家電
210,ファイヤースティック,新品,家電
210,ファイヤースティック,中古,家電
268,ブルーレイレコーダー(HDMIケーブル付き),新品,家電
268,ブルーレイレコーダー(HDMIケーブル付き),中古,家電
9,DVDプレーヤー,新品,家電
9,DVDプレーヤー,中古,家電
294,テレビボード100cm(WH),新品,家具
294,テレビボード100cm(WH),中古,家具
295,テレビボード100cm(BK),新品,家具
295,テレビボード100cm(BK),中古,家具
1000,テレビ台 政策金融公庫様用,新品,家具
1000,テレビ台 政策金融公庫様用,中古,家具
1,テレビ台,新品,家具
1,テレビ台,中古,家具
福岡,ローボード,新品,
福岡,ローボード,中古,
福岡,AVローチェスト,新品,
福岡,AVローチェスト,中古,
福岡,テレビ台JPB-331NA,新品,
福岡,テレビ台JPB-331NA,中古,
福岡,テレビ台JPB-331WAL,新品,
福岡,テレビ台JPB-331WAL,中古,
福岡,テレビ台SO-852NA,新品,
福岡,テレビ台SO-852NA,中古,
福岡,テレビ台SO-224WAL,新品,
福岡,テレビ台SO-224WAL,中古,
264,テレビスタンドBK,新品,家具
264,テレビスタンドBK,中古,家具
205,テレビスタンドWH,新品,家具
205,テレビスタンドWH,中古,家具
334,アートテレビ台105cm(ナチュラル),新品,家具
334,アートテレビ台105cm(ナチュラル),中古,家具
335,アートテレビ台105cm(ブラウン),新品,家具
335,アートテレビ台105cm(ブラウン),中古,家具
397,アートレンジワゴン ブラウン(コンセント付き),新品,家具
397,アートレンジワゴン ブラウン(コンセント付き),中古,家具
396,アートレンジワゴン ナチュラル(コンセント付き),新品,家具
396,アートレンジワゴン ナチュラル(コンセント付き),中古,家具
348,アート食器棚 ナチュラル(コンセント付き),新品,家具
348,アート食器棚 ナチュラル(コンセント付き),中古,家具
349,アート食器棚 ブラウン(コンセント付き),新品,家具
349,アート食器棚 ブラウン(コンセント付き),中古,家具
391,アート食器棚ハイタイプ ナチュラル(コンセント付き),新品,家具
391,アート食器棚ハイタイプ ナチュラル(コンセント付き),中古,家具
392,アート食器棚ハイタイプ ブラウン(コンセント付き),新品,家具
392,アート食器棚ハイタイプ ブラウン(コンセント付き),中古,家具
115,冷蔵庫(42L),新品,家電
115,冷蔵庫(42L),中古,家電
80,冷蔵庫(80L)2ドア,新品,家電
80,冷蔵庫(80L)2ドア,中古,家電
317,冷蔵庫(110L)2ドア(黒),新品,家電
317,冷蔵庫(110L)2ドア(黒),中古,家電
112,冷蔵庫(112L)2ドア,新品,家電
112,冷蔵庫(112L)2ドア,中古,家電
140,冷蔵庫(140L)2ドア,新品,家電
140,冷蔵庫(140L)2ドア,中古,家電
346,冷蔵庫(150L)2ドア,新品,家電
346,冷蔵庫(150L)2ドア,中古,家電
272,冷蔵庫(150L)2ドア(黒),新品,家電
272,冷蔵庫(150L)2ドア(黒),中古,家電
225,冷蔵庫(220L) 2ドア,新品,家電
225,冷蔵庫(220L) 2ドア,中古,家電
250,冷蔵庫(250L)3ドア,新品,家電
250,冷蔵庫(250L)3ドア,中古,家電
116,冷蔵庫(300L),新品,家電
116,冷蔵庫(300L),中古,家電
370,冷蔵庫(370L)3ドア,新品,家電
370,冷蔵庫(370L)3ドア,中古,家電
42,全自動洗濯機(4.2kg),新品,家電
42,全自動洗濯機(4.2kg),中古,家電
福岡,全自動洗濯機(6kg),新品,
福岡,全自動洗濯機(6kg),中古,
273,全自動洗濯機(6kg)(黒),新品,家電
273,全自動洗濯機(6kg)(黒),中古,家電
7,全自動洗濯機(7kg),新品,家電
7,全自動洗濯機(7kg),中古,家電
389,全自動洗濯機(7kg) 快速コース搭載,新品,家電
389,全自動洗濯機(7kg) 快速コース搭載,中古,家電
93,ドラム式洗濯乾燥機 右開き,新品,家電
93,ドラム式洗濯乾燥機 右開き,中古,家電
347,ドラム式洗濯乾燥機(7kg) 左開き,新品,家電
347,ドラム式洗濯乾燥機(7kg) 左開き,中古,家電
94,ドラム式洗濯乾燥機(10kg) 左開き,新品,家電
94,ドラム式洗濯乾燥機(10kg) 左開き,中古,家電
94migi,ドラム式洗濯乾燥機(10kg) 右開き,新品,家電
94migi,ドラム式洗濯乾燥機(10kg) 右開き,中古,家電
301,小型衣類乾燥機(2.5kg),新品,家電
301,小型衣類乾燥機(2.5kg),中古,家電
35,衣類乾燥機(3.5・4.0kg),新品,家電
35,衣類乾燥機(3.5・4.0kg),中古,家電
13,衣類乾燥機スタンド(床置き),新品,家電
13,衣類乾燥機スタンド(床置き),中古,家電
12,衣類乾燥機スタンド(ピッタリ),新品,家電
12,衣類乾燥機スタンド(ピッタリ),中古,家電
11,衣類乾燥機スタンド(自立),新品,家電
11,衣類乾燥機スタンド(自立),中古,家電
17,ステンレス室内干し,新品,家具
17,ステンレス室内干し,中古,家具
224,物干し竿(伸縮式2.2～4m),新品,家具
224,物干し竿(伸縮式2.2～4m),中古,家具
304,バスケットワゴン(WH),新品,家具
304,バスケットワゴン(WH),中古,家具
305,バスケットワゴン(BK),新品,家具
305,バスケットワゴン(BK),中古,家具
50,電子レンジ(単機能),新品,家電
50,電子レンジ(単機能),中古,家電
318,電子レンジ(単機能)(黒),新品,家電
318,電子レンジ(単機能)(黒),中古,家電
60,オーブンレンジ,新品,家電
60,オーブンレンジ,中古,家電
60S,スチームオーブンレンジ,新品,家電
60S,スチームオーブンレンジ,中古,家電
274,オーブンレンジ(黒),新品,家電
274,オーブンレンジ(黒),中古,家電
23,オーブントースター,新品,家電
23,オーブントースター,中古,家電
319,オーブントースター(黒),新品,家電
319,オーブントースター(黒),中古,家電
25,ガスコンロ(都市ガス),新品,家電
25,ガスコンロ(都市ガス),中古,家電
26,ガスコンロ(LPガス),新品,家電
26,ガスコンロ(LPガス),中古,家電
27,ひとくちガスコンロ(都市ガス),新品,家電
27,ひとくちガスコンロ(都市ガス),中古,家電
28,ひとくちガスコンロ(LPガス),新品,家電
28,ひとくちガスコンロ(LPガス),中古,家電
102,2口IHコンロ(スタンド付),新品,家電
102,2口IHコンロ(スタンド付),中古,家電
103,ひとくちIHコンロ,新品,家電
103,ひとくちIHコンロ,中古,家電
29,電気ポット,新品,家電
29,電気ポット,中古,家電
31,電気ケトル,新品,家電
31,電気ケトル,中古,家電
275,電気ケトル(黒),新品,家電
275,電気ケトル(黒),中古,家電
329,コンパクト電気ケトル,新品,家電
329,コンパクト電気ケトル,中古,家電
30IH,IH炊飯ジャー(3合),新品,家電
30IH,IH炊飯ジャー(3合),中古,家電
30,炊飯ジャー(3合),新品,家電
30,炊飯ジャー(3合),中古,家電
55IHBK,IH炊飯ジャー(5.5合)(黒),新品,家電
55IHBK,IH炊飯ジャー(5.5合)(黒),中古,家電
276,IH炊飯ジャー(3合)(黒),新品,家電
276,IH炊飯ジャー(3合)(黒),中古,家電
55,炊飯ジャー(5.5合),新品,家電
55,炊飯ジャー(5.5合),中古,家電
331,食器洗い乾燥機,新品,家電
331,食器洗い乾燥機,中古,家電
53,キッチン雑貨(販売),新品,家具
33,掃除機(スティック),新品,家電
33,掃除機(スティック),中古,家電
34,掃除機(家庭用),新品,家電
34,掃除機(家庭用),中古,家電
108,コードレスクリーナー本体,新品,家電
108,コードレスクリーナー本体,中古,家電
282222,サイクロンスティッククリーナー【白】,新品,家電
282222,サイクロンスティッククリーナー【白】,中古,家電
28111,サイクロンスティッククリーナー【黒】,新品,家電
28111,サイクロンスティッククリーナー【黒】,中古,家電
109,クリーナースタンド(白),新品,家電
109,クリーナースタンド(白),中古,家電
109BK,クリーナースタンド(黒),新品,家電
109BK,クリーナースタンド(黒),中古,家電
36,アイロン,新品,家電
36,アイロン,中古,家電
37,アイロン台,新品,家電
37,アイロン台,中古,家電
320,アイロン台(スタンド式),新品,家電
320,アイロン台(スタンド式),中古,家電
福岡,RS様販売用シーリング照明(※パナソニック指定),新品,
福岡,RS様販売用シーリング照明(※パナソニック指定),中古,
38,照明器具(シーリングタイプ),新品,家電
38,照明器具(シーリングタイプ),中古,家電
315,照明器具(シーリングタイプ)14畳用(BR),新品,家電
315,照明器具(シーリングタイプ)14畳用(BR),中古,家電
316,照明器具(シーリングタイプ)14畳用(NA),新品,家電
316,照明器具(シーリングタイプ)14畳用(NA),中古,家電
293,4灯シーリングライト ストレート(GR),新品,家電
293,4灯シーリングライト ストレート(GR),中古,家電
292,4灯シーリングライト ストレート(WH),新品,家電
292,4灯シーリングライト ストレート(WH),中古,家電
39,照明器具(ペンダントタイプ),新品,家電
39,照明器具(ペンダントタイプ),中古,家電
41,電気スタンド,新品,家電
41,電気スタンド,中古,家電
321,デスクライトZ-10R(BK),新品,家電
321,デスクライトZ-10R(BK),中古,家電
44a,こたつ本体,新品,家電
44a,こたつ本体,中古,家電
44b,こたつ布団,新品,布団・カーテン
44b,こたつ布団,中古,布団・カーテン
45,扇風機(座敷用),新品,家電
45,扇風機(座敷用),中古,家電
46,電気ストーブ,新品,家電
46,電気ストーブ,中古,家電
912,石油ファンヒーター(9～12畳),新品,家電
912,石油ファンヒーター(9～12畳),中古,家電
284,オイルヒーター(白),新品,家電
284,オイルヒーター(白),中古,家電
2,ホットカーペット(2畳用),新品,家電
2,ホットカーペット(2畳用),中古,家電
680b,◆エアコン室外機(6～8畳),新品,家電
680b,◆エアコン室外機(6～8畳),中古,家電
680a,◆エアコン室内機(6～8畳),新品,家電
680a,◆エアコン室内機(6～8畳),中古,家電
810b,◆エアコン室外機(8～10畳),新品,家電
810b,◆エアコン室外機(8～10畳),中古,家電
810a,◆エアコン室内機(8～10畳),新品,家電
810a,◆エアコン室内機(8～10畳),中古,家電
1012b,◆エアコン室外機(10～12畳),新品,家電
1012b,◆エアコン室外機(10～12畳),中古,家電
1012a,◆エアコン室内機(10～12畳),新品,家電
1012a,◆エアコン室内機(10～12畳),中古,家電
47,ウインドエアコン(冷房専用),新品,家電
47,ウインドエアコン(冷房専用),中古,家電
47rd,ウインドウエアコン 冷暖両用タイプ,新品,家電
290,ポータブル クーラー,新品,家電
43,加湿空気清浄機,新品,家電
43,加湿空気清浄機,中古,家電
263,サーキュレーター,新品,家電
263,サーキュレーター,中古,家電
64,和式布団セット,新品,布団・カーテン
64,和式布団セット,中古,布団・カーテン
64-Z,布団10点セット(寝具おまとめセット用),新品,布団・カーテン
56c,枕,新品,布団・カーテン
56c,枕,中古,布団・カーテン
56d,枕カバー(ベッド用),新品,布団・カーテン
56d,枕カバー(ベッド用),中古,布団・カーテン
2881344,引き出し収納付きシングルベッド(寝具無し)(黒),新品,家具
2881344,引き出し収納付きシングルベッド(寝具無し)(黒),中古,家具
200004,引き出し収納付きシングルベッド(寝具無し)(白),新品,家具
200004,引き出し収納付きシングルベッド(寝具無し)(白),中古,家具
54a,シングルフレーム,新品,家具
54a,シングルフレーム,中古,家具
267,3つ折りマットレス(シングル),新品,家具
267,3つ折りマットレス(シングル),中古,家具
267cov,3つ折りマットレスカバー(販売),新品,家具
61b,シングルベッドパット,新品,布団・カーテン
61b,シングルベッドパット,中古,布団・カーテン
72b,シングルボックスシーツ,新品,布団・カーテン
72b,シングルボックスシーツ,中古,布団・カーテン
54c,シングル掛け布団,新品,布団・カーテン
54c,シングル掛け布団,中古,布団・カーテン
72a,シングル掛け布団カバー,新品,布団・カーテン
72a,シングル掛け布団カバー,中古,布団・カーテン
54d,シングル毛布,新品,布団・カーテン
54d,シングル毛布,中古,布団・カーテン
56a,セミダブルフレーム,新品,家具
56a,セミダブルフレーム,中古,家具
73c,SDマットレス,新品,家具
73c,SDマットレス,中古,家具
56b,SDベッドパット,新品,布団・カーテン
56b,SDベッドパット,中古,布団・カーテン
73b,セミダブルボックスシーツ,新品,布団・カーテン
73b,セミダブルボックスシーツ,中古,布団・カーテン
62a,セミダブル掛け布団,新品,布団・カーテン
62a,セミダブル掛け布団,中古,布団・カーテン
73a,セミダブル掛け布団カバー,新品,布団・カーテン
73a,セミダブル掛け布団カバー,中古,布団・カーテン
62b,セミダブル毛布,新品,布団・カーテン
62b,セミダブル毛布,中古,布団・カーテン
57a,ダブルフレーム,新品,家具
57a,ダブルフレーム,中古,家具
57b,ダブルマットレス,新品,家具
57b,ダブルマットレス,中古,家具
57c,ダブルベッドパット,新品,布団・カーテン
57c,ダブルベッドパット,中古,布団・カーテン
74b,ダブルボックスシーツ,新品,布団・カーテン
74b,ダブルボックスシーツ,中古,布団・カーテン
70c,ダブル掛け布団,新品,布団・カーテン
70c,ダブル掛け布団,中古,布団・カーテン
74a,ダブル掛け布団カバー,新品,布団・カーテン
74a,ダブル掛け布団カバー,中古,布団・カーテン
70d,ダブル毛布,新品,布団・カーテン
70d,ダブル毛布,中古,布団・カーテン
58,ベッドサイドガード,新品,家具
58,ベッドサイドガード,中古,家具
59,折り畳みベッド,新品,家具
59,折り畳みベッド,中古,家具
330,四つ折りすのこベッド(シングル),新品,家具
330,四つ折りすのこベッド(シングル),中古,家具
75f,枕カバー(和式用),新品,布団・カーテン
75f,枕カバー(和式用),中古,布団・カーテン
64d,和式敷き布団,新品,布団・カーテン
64d,和式敷き布団,中古,布団・カーテン
75e,和式敷き布団カバー,新品,布団・カーテン
75e,和式敷き布団カバー,中古,布団・カーテン
64a,和式掛け布団,新品,布団・カーテン
64a,和式掛け布団,中古,布団・カーテン
75b,和式掛け布団カバー,新品,布団・カーテン
75b,和式掛け布団カバー,中古,布団・カーテン
64c,和式毛布,新品,布団・カーテン
64c,和式毛布,中古,布団・カーテン
230,布団袋,新品,布団・カーテン
230,布団袋,中古,布団・カーテン
76,布団乾燥機,新品,家電
76,布団乾燥機,中古,家電
300a,ダイニングテーブル(3点用),新品,家具
300a,ダイニングテーブル(3点用),中古,家具
500a,ダイニングテーブル(5点用),新品,家具
500a,ダイニングテーブル(5点用),中古,家具
300500b,ダイニングチェア(1脚),新品,家具
300500b,ダイニングチェア(1脚),中古,家具
259-a,ダイニングセット (4人掛け)用テーブル NW-891T,新品,家具
259-a,ダイニングセット (4人掛け)用テーブル NW-891T,中古,家具
259-b,ダイニングセット (4人掛け)用ベンチ NW-892B,新品,家具
259-b,ダイニングセット (4人掛け)用ベンチ NW-892B,中古,家具
259-c,ダイニングセット (4人掛け)用椅子 CL-794IV,新品,家具
259-c,ダイニングセット (4人掛け)用椅子 CL-794IV,中古,家具
10038-a,ダイニングテーブル(WB用),新品,家具
10038-a,ダイニングテーブル(WB用),中古,家具
10038-b,ダイニングチェア(WB用),新品,家具
10038-b,ダイニングチェア(WB用),中古,家具
332,アートデスク2点セット ナチュラル(コンセント付き),新品,家具
332,アートデスク2点セット ナチュラル(コンセント付き),中古,家具
333,アートデスク2点セット ブラウン(コンセント付き),新品,家具
333,アートデスク2点セット ブラウン(コンセント付き),中古,家具
380,アンドラ ダイニングテーブル(180),新品,家具
380,アンドラ ダイニングテーブル(180),中古,家具
291,キッズチェア テーブル付き,新品,家具
291,キッズチェア テーブル付き,中古,家具
78,グローアップチェア,新品,家具
78,グローアップチェア,中古,家具
125,ローテーブル(75×50),新品,家具
125,ローテーブル(75×50),中古,家具
337,ルカ センターテーブル JPB-92OAK,新品,家具
337,ルカ センターテーブル JPB-92OAK,中古,家具
9050,センターテーブル,新品,家具
9050,センターテーブル,中古,家具
256,センターテーブル CPN-107BR,新品,家具
256,センターテーブル CPN-107BR,中古,家具
255,センターテーブル HOT-543NA,新品,家具
255,センターテーブル HOT-543NA,中古,家具
105,座卓(105×75),新品,家具
105,座卓(105×75),中古,家具
96,フリーテーブル(90×60×H11～70昇降),新品,家具
96,フリーテーブル(90×60×H11～70昇降),中古,家具
77,合皮ソファー(2人掛け),新品,家具
77,合皮ソファー(2人掛け),中古,家具
269,布張りソファー(1人掛け),新品,家具
269,布張りソファー(1人掛け),中古,家具
104,布張りソファー(2人掛け),新品,家具
104,布張りソファー(2人掛け),中古,家具
270,布張りソファー(3人掛け),新品,家具
270,布張りソファー(3人掛け),中古,家具
336,カウチソファ SS-123GY,新品,家具
336,カウチソファ SS-123GY,中古,家具
258,ソファ3人掛けGS-88BE,新品,家具
258,ソファ3人掛けGS-88BE,中古,家具
340,コーデュロイソファ(1人掛け) ライトブラウン,新品,家具
340,コーデュロイソファ(1人掛け) ライトブラウン,中古,家具
341,コーデュロイソファ(1人掛け) グレージュ,新品,家具
341,コーデュロイソファ(1人掛け) グレージュ,中古,家具
342,コーデュロイソファ(1人掛け) ネイビー,新品,家具
342,コーデュロイソファ(1人掛け) ネイビー,中古,家具
344,コーデュロイソファ(2人掛け) グレージュ,新品,家具
344,コーデュロイソファ(2人掛け) グレージュ,中古,家具
343,コーデュロイソファ(2人掛け) ライトブラウン,新品,家具
343,コーデュロイソファ(2人掛け) ライトブラウン,中古,家具
345,コーデュロイソファ(2人掛け) ネイビー,新品,家具
345,コーデュロイソファ(2人掛け) ネイビー,中古,家具
saidote-buru,サイドテーブル(30H-1NT DBR),新品,家具
saidote-buru,サイドテーブル(30H-1NT DBR),中古,家具
306,サイドスツール(NA),新品,家具
306,サイドスツール(NA),中古,家具
307,サイドスツール(BR),新品,家具
307,サイドスツール(BR),中古,家具
79a,デスクセット用デスク,新品,家具
79a,デスクセット用デスク,中古,家具
79b,インワゴン,新品,家具
79b,インワゴン,中古,家具
81,パソコンデスク,新品,家具
81,パソコンデスク,中古,家具
82,キャスターチェア,新品,家具
82,キャスターチェア,中古,家具
111a,パーソナルデスクセット用デスク,新品,家具
111a,パーソナルデスクセット用デスク,中古,家具
111b,パーソナルデスクセット用チェア,新品,家具
111b,パーソナルデスクセット用チェア,中古,家具
114,スリムデスク,新品,家具
114,スリムデスク,中古,家具
100,スリムデスクセット用チェア,新品,家具
100,スリムデスクセット用チェア,中古,家具
297,昇降デスクW70(BR),新品,家具
297,昇降デスクW70(BR),中古,家具
296,昇降デスクW70(WH),新品,家具
296,昇降デスクW70(WH),中古,家具
299,昇降デスクW90(NA),新品,家具
299,昇降デスクW90(NA),中古,家具
298,昇降デスクW90(BK),新品,家具
298,昇降デスクW90(BK),中古,家具
83,本棚,新品,家具
83,本棚,中古,家具
51,レンジワゴン,新品,家具
51,レンジワゴン,中古,家具
277,メタルラックレンジ台(黒),新品,家具
277,メタルラックレンジ台(黒),中古,家具
278,メタルラック レンジ台(白),新品,家具
278,メタルラック レンジ台(白),中古,家具
240,食器棚(W60H180),新品,家具
240,食器棚(W60H180),中古,家具
150,ミニ食器棚(W60H90),新品,家具
150,ミニ食器棚(W60H90),中古,家具
261,食器棚 JPB-333NA,新品,家具
261,食器棚 JPB-333NA,中古,家具
262,食器棚 JPB-333WAL,新品,家具
95,スタイルハンガー(NA),新品,家具
95,スタイルハンガー(NA),中古,家具
289,スタイルハンガー(BK),新品,家具
289,スタイルハンガー(BK),中古,家具
89,洋服タンス,新品,家具
89,洋服タンス,中古,家具
90,整理タンス,新品,家具
90,整理タンス,中古,家具
207,スリムチェスト(5段),新品,家具
207,スリムチェスト(5段),中古,家具
99,4段ラック(ワイド),新品,家具
99,4段ラック(ワイド),中古,家具
98,4段ラック(スリム),新品,家具
98,4段ラック(スリム),中古,家具
310,ウッドオープンシェルフ 2段(WH),新品,家具
310,ウッドオープンシェルフ 2段(WH),中古,家具
311,ウッドオープンシェルフ 2段(NA),新品,家具
311,ウッドオープンシェルフ 2段(NA),中古,家具
313,ウッドオープンシェルフ 3段(WH),新品,家具
313,ウッドオープンシェルフ 3段(WH),中古,家具
314,ウッドオープンシェルフ 3段(NA),新品,家具
314,ウッドオープンシェルフ 3段(NA),中古,家具
338,ルカ シェルフ 3段 JPB-101OAK,新品,家具
338,ルカ シェルフ 3段 JPB-101OAK,中古,家具
S50,シェルフ 50,新品,家具
S50,シェルフ 50,中古,家具
S90,シェルフ 90,新品,家具
S90,シェルフ 90,中古,家具
113,アンブレラスリッパスタンド,新品,家具
113,アンブレラスリッパスタンド,中古,家具
900,シングルラック(900),新品,家具
900,シングルラック(900),中古,家具
92,斜めラック,新品,家具
92,斜めラック,中古,家具
280,ハンガーラック付ミラー(BR),新品,家具
280,ハンガーラック付ミラー(BR),中古,家具
279,ハンガーラック付ミラー(NA),新品,家具
279,ハンガーラック付ミラー(NA),中古,家具
286,ラグ130×185(グリーン),新品,布団・カーテン
286,ラグ130×185(グリーン),中古,布団・カーテン
285,ラグ130×185(ベージュ),新品,布団・カーテン
285,ラグ130×185(ベージュ),中古,布団・カーテン
302,ラグ130×185(ブラウン),新品,布団・カーテン
302,ラグ130×185(ブラウン),中古,布団・カーテン
303,ラグ130×185(アイボリー),新品,布団・カーテン
303,ラグ130×185(アイボリー),中古,布団・カーテン
208,ラグ (グレー),新品,布団・カーテン
135,カーテン(100×135)2枚組,新品,布団・カーテン
135,カーテン(100×135)2枚組,中古,布団・カーテン
178,カーテン(100×178)2枚組,新品,布団・カーテン
178,カーテン(100×178)2枚組,中古,布団・カーテン
200,カーテン(100×200)2枚組,新品,布団・カーテン
200,カーテン(100×200)2枚組,中古,布団・カーテン
135g,カーテン(100×135)2枚組・GY,新品,布団・カーテン
135g,カーテン(100×135)2枚組・GY,中古,布団・カーテン
135gr,カーテン(100×135)2枚組・GN,新品,布団・カーテン
135gr,カーテン(100×135)2枚組・GN,中古,布団・カーテン
135d,カーテン(100×135)2枚組・DBR,新品,布団・カーテン
135d,カーテン(100×135)2枚組・DBR,中古,布団・カーテン
135IV,カーテン(100×135)2枚組・アイボリー,新品,布団・カーテン
135IV,カーテン(100×135)2枚組・アイボリー,中古,布団・カーテン
135j,カーテン(100×135)2枚組・BE,新品,布団・カーテン
135j,カーテン(100×135)2枚組・BE,中古,布団・カーテン
178g,カーテン(100×178)2枚組・GY,新品,布団・カーテン
178g,カーテン(100×178)2枚組・GY,中古,布団・カーテン
178gr,カーテン(100×178)2枚組・GN,新品,布団・カーテン
178gr,カーテン(100×178)2枚組・GN,中古,布団・カーテン
178d,カーテン(100×178)2枚組・DBR,新品,布団・カーテン
178d,カーテン(100×178)2枚組・DBR,中古,布団・カーテン
178IV,カーテン(100×178)2枚組・アイボリー,新品,布団・カーテン
178IV,カーテン(100×178)2枚組・アイボリー,中古,布団・カーテン
178j,カーテン(100×178)2枚組・BE,新品,布団・カーテン
178j,カーテン(100×178)2枚組・BE,中古,布団・カーテン
200g,カーテン(100×200)2枚組・GY,新品,布団・カーテン
200g,カーテン(100×200)2枚組・GY,中古,布団・カーテン
200gr,カーテン(100×200)2枚組・GN,新品,布団・カーテン
200gr,カーテン(100×200)2枚組・GN,中古,布団・カーテン
200d,カーテン(100×200)2枚組・DBR,新品,布団・カーテン
200d,カーテン(100×200)2枚組・DBR,中古,布団・カーテン
200IV,カーテン(100×200)2枚組・アイボリー,新品,布団・カーテン
200IV,カーテン(100×200)2枚組・アイボリー,中古,布団・カーテン
200j,カーテン(100×200)2枚組・BE,新品,布団・カーテン
200j,カーテン(100×200)2枚組・BE,中古,布団・カーテン
133,レースカーテン(100×133)2枚組,新品,布団・カーテン
133,レースカーテン(100×133)2枚組,中古,布団・カーテン
176,レースカーテン(100×176)2枚組,新品,布団・カーテン
176,レースカーテン(100×176)2枚組,中古,布団・カーテン
198,レースカーテン(100×198)2枚組,新品,布団・カーテン
198,レースカーテン(100×198)2枚組,中古,布団・カーテン
209,ミラー,新品,家具
209,ミラー,中古,家具
283,マイクロカットシュレッダー(白),新品,家電
283,マイクロカットシュレッダー(白),中古,家電
48,自転車,新品,家具
48,自転車,中古,家具
d48,電動自転車(26インチ),新品,家具
d48,電動自転車(26インチ),中古,家具
52,ドアモニ,新品,家電
52,ドアモニ,中古,家電
107,防災グッズ,新品,家具
490,ウォシュレット(販売),新品,家電
106,生活雑貨(販売),新品,家具
322,日用品雑貨(販売),新品,家具
48376,2WAYテーブル(小) ミディアムブラウン,新品,家具
48376,2WAYテーブル(小) ミディアムブラウン,中古,家具
48378,2WAYテーブル(大) ミディアムブラウン,新品,家具
48378,2WAYテーブル(大) ミディアムブラウン,中古,家具
71882,ツイストロックTV台90幅 ミディアムブラウン,新品,家具
71882,ツイストロックTV台90幅 ミディアムブラウン,中古,家具
77543,ワイヤーラック4段60幅 ミディアムブラウン,新品,家具
77543,ワイヤーラック4段60幅 ミディアムブラウン,中古,家具
51404,コネクトボックス 扉付き ミディアムブラウン,新品,家具
51404,コネクトボックス 扉付き ミディアムブラウン,中古,家具
51406,コネクトボックス 引出1杯 ミディアムブラウン,新品,家具
51406,コネクトボックス 引出1杯 ミディアムブラウン,中古,家具
51407,コネクトボックス 引出2杯 ミディアムブラウン,新品,家具
51407,コネクトボックス 引出2杯 ミディアムブラウン,中古,家具
77541,ワイヤーラック3段60幅 ミディアムブラウン,新品,家具
77541,ワイヤーラック3段60幅 ミディアムブラウン,中古,家具
51405,コネクトボックス 棚付き ミディアムブラウン,新品,家具
51405,コネクトボックス 棚付き ミディアムブラウン,中古,家具
77539,ワイヤーラック2段60幅 ミディアムブラウン,新品,家具
77539,ワイヤーラック2段60幅 ミディアムブラウン,中古,家具
77542,ワイヤーラック4段40幅 ミディアムブラウン,新品,家具
77542,ワイヤーラック4段40幅 ミディアムブラウン,中古,家具
393,合皮ソファー(1人掛け)ブラック,新品,家具
393,合皮ソファー(1人掛け)ブラック,中古,家具
54b,シングルマットレス,新品,家具
54b,シングルマットレス,中古,家具
HAB-1000NABK,AVボード 100cm幅 ナチュラル/ブラック,新品,家具
HAB-1000NABK,AVボード 100cm幅 ナチュラル/ブラック,中古,家具
HCT-800NABK,センターテーブル 80cm幅 ナチュラル/ブラック,新品,家具
HCT-800NABK,センターテーブル 80cm幅 ナチュラル/ブラック,中古,家具
HLVD-800NABK,リビングデスク ナチュラル/ブラック,新品,家具
HLVD-800NABK,リビングデスク ナチュラル/ブラック,中古,家具
OKCR-FA(IV),折りたたみ回転チェア アイボリー,新品,家具
OKCR-FA(IV),折りたたみ回転チェア アイボリー,中古,家具
HSR-625NABK,スリムラック ナチュラル/ブラック,新品,家具
HSR-625NABK,スリムラック ナチュラル/ブラック,中古,家具
HPI-640NABK,ハンガーラック ナチュラル/ブラック,新品,家具
HPI-640NABK,ハンガーラック ナチュラル/ブラック,中古,家具
SO-852WAL,AVボード ヴィンテージモダン,新品,家具
SO-852WAL,AVボード ヴィンテージモダン,中古,家具
PT-784GY,センターテーブル グレー,新品,家具
PT-784GY,センターテーブル グレー,中古,家具
END-331BK,デスク ブラック,新品,家具
END-331BK,デスク ブラック,中古,家具
PC-81BE,デスクチェア ベージュ,新品,家具
PC-81BE,デスクチェア ベージュ,中古,家具
END-330BK,サイドチェスト ブラック,新品,家具
END-330BK,サイドチェスト ブラック,中古,家具
MIP-64DGY,ハンガーラック ダークグレー,新品,家具
MIP-64DGY,ハンガーラック ダークグレー,中古,家具
RP-451BR,サイドテーブル ブラウン,新品,家具
RP-451BR,サイドテーブル ブラウン,中古,家具
RKC-102GY,ソファ(2人用) グレー,新品,家具
RKC-102GY,ソファ(2人用) グレー,中古,家具
B-80S-BR,シングルベッド ブラウン,新品,家具
B-80S-BR,シングルベッド ブラウン,中古,家具
MP-321-S,ポケットコイルマットレス(シングルサイズ),新品,家具
MP-321-S,ポケットコイルマットレス(シングルサイズ),中古,家具
HST-180NABK,サイドテーブル ナチュラル/ブラック,新品,家具
HST-180NABK,サイドテーブル ナチュラル/ブラック,中古,家具
福岡,寒冷地エアコン(8畳用),新品,
福岡,寒冷地エアコン(8畳用),中古,
福岡,寒冷地エアコン(6畳用),新品,
福岡,寒冷地エアコン(6畳用),中古,
419a,スチールパイプベッド(シングル) フレーム,新品,家具
419a,スチールパイプベッド(シングル) フレーム,中古,家具
福岡,タイセイ様専用 追加料金+880円,中古,
福岡,天然木自在チェスト(ナチュラル)【オプション】,新品,
ssp,ポータブルエアコン,新品,家電
150133r-a,レースカーテン(W150×H133cm) 1枚,新品,布団・カーテン
150135IV-a,カーテン(W150×H135cm) 1枚 アイボリー,新品,布団・カーテン
418,スライド式テレビボード(BK),新品,家具
418,スライド式テレビボード(BK),中古,家具
417,スライド式テレビボード(WH),新品,家具
417,スライド式テレビボード(WH),中古,家具
416b,アートダイニングテーブル(フェブラ),新品,家具
416a,アートダイニングチェア(モデルノ)1脚,新品,家具
414,ミラー付き多機能ハンガーラック(NA),新品,家具
414,ミラー付き多機能ハンガーラック(NA),中古,家具
415,ミラー付き多機能ハンガーラック(BR),新品,家具
413,テレビ台(ワイド),新品,家具
413,テレビ台(ワイド),中古,家具
410,ダストボックス グレージュ(コンセント付き),新品,家具
411,ダストボックス ナチュラル(コンセント付き),新品,家具
412,ダストボックス ブラウン(コンセント付き),新品,家具
377,温風対応コンパクトサーキュレーター,新品,家電
377,温風対応コンパクトサーキュレーター,中古,家電
376,スリムコードレスクリーナー,新品,家電
376,スリムコードレスクリーナー,中古,家電
375,ソファーベッド クリーム,新品,家具
375,ソファーベッド クリーム,中古,家具
373,コンフィオフィスチェア(ブルーホワイト),新品,家具
374,ソファーベッド チョコレート,新品,家具
374,ソファーベッド チョコレート,中古,家具
372,コンフィオフィスチェア(グレーブラック),新品,家具
371,コンフィオフィスチェア(オレンジホワイト),新品,家具
368,アート3段ラック ブラウン,新品,家具
368,アート3段ラック ブラウン,中古,家具
369,アート3段ラック ナチュラル,新品,家具
369,アート3段ラック ナチュラル,中古,家具
367,天然木自在チェスト(ナチュラル),新品,家具
367,天然木自在チェスト(ナチュラル),中古,家具
366,天然木自在チェスト(ホワイト),新品,家具
366,天然木自在チェスト(ホワイト),中古,家具
福岡,3つ折りマットレスカバー,新品,
福岡,3つ折りマットレスカバー,中古,
ka163,ダブル ステージすのこベッド (BR),新品,家具
ka163,ダブル ステージすのこベッド (BR),中古,家具
ka161,シングル ステージすのこベッド  (BR),新品,家具
ka161,シングル ステージすのこベッド  (BR),中古,家具
150198r-a,レースカーテン(150×198)1枚,新品,布団・カーテン
150176r-a,レースカーテン(W150×H176cm) 1枚,新品,布団・カーテン
228r,レースカーテン(100×228)2枚組,新品,布団・カーテン
218r,レースカーテン(100×218)2枚組,新品,布団・カーテン
208r,レースカーテン(100×208)2枚組,新品,布団・カーテン
188r,レースカーテン(100×188)2枚組,新品,布団・カーテン
148r,レースカーテン(100×148)2枚組,新品,布団・カーテン
103r,レースカーテン(100×103)2枚組,新品,布団・カーテン
150178IV-a,カーテン(150×178)1枚 アイボリー,新品,布団・カーテン
150178IV-a,カーテン(150×200)1枚 アイボリー,新品,布団・カーテン
230IV,カーテン(100×230)2枚組 アイボリー,新品,布団・カーテン
230IV,カーテン(100×230)2枚組 アイボリー,中古,布団・カーテン
220IV,カーテン(100×220)2枚組 アイボリー,新品,布団・カーテン
210IV,カーテン(100×210)2枚組 アイボリー,新品,布団・カーテン
210IV,カーテン(100×210)2枚組 アイボリー,中古,布団・カーテン
190IV,カーテン(100×190)2枚組 アイボリー,新品,布団・カーテン
150IV,カーテン(100×150)2枚組 アイボリー,新品,布団・カーテン
105IV,カーテン(100×105)2枚組 アイボリー,新品,布団・カーテン
福岡,GTN選べる4点セット(140L),中古,
405,衣類スチーマー,新品,家電
405,衣類スチーマー,中古,家電
404,全自動洗濯機(4.2kg)(黒),新品,家電
404,全自動洗濯機(4.2kg)(黒),中古,家電
福岡,アートテレビ台,新品,
福岡,アートテレビ台,中古,
394,合皮ソファー(2人掛け)ブラック,新品,家具
394,合皮ソファー(2人掛け)ブラック,中古,家具
395,合皮ソファー(3人掛け)ブラック,新品,家具
395,合皮ソファー(3人掛け)ブラック,中古,家具
福岡,ポリタンク&ポンプ,中古,
福岡,カーテン(100×178) 2枚 レース(100×176)2枚 セット,中古,
福岡,ダイニングセット nitori (テーブル×1、椅子×2),中古,
359,接触冷感枕パッド,新品,布団・カーテン
358,接触冷感肌掛け布団(セミダブル・ダブル兼用),新品,布団・カーテン
357,接触冷感肌掛け布団(シングル),新品,布団・カーテン
356,接触冷感敷きパッド(ダブル),新品,布団・カーテン
355,接触冷感敷きパッド(セミダブル),新品,布団・カーテン
354,接触冷感敷きパッド(シングル),新品,布団・カーテン
351,ディスプレイラック(NA),新品,家具
351,ディスプレイラック(NA),中古,家具
350,スライド式テレビボード(NA),新品,家具
350,スライド式テレビボード(NA),中古,家具
simonzumatwsaizu,シモンズマットレスAA16212(ダブルサイズ),中古,家具
kuri55,全自動洗濯機(5.5kg),新品,家電
kuri55,全自動洗濯機(5.5kg),中古,家電
2723,冷蔵庫(272L)3ドア,新品,家電
2723,冷蔵庫(272L)3ドア,中古,家電
390,サーキュレーター衣類乾燥除湿機,新品,家電
390,サーキュレーター衣類乾燥除湿機,中古,家電
389,3段ワゴン(黒),新品,家具
389,3段ワゴン(黒),中古,家具
388,チューナーレステレビ40V型,新品,家電
388,チューナーレステレビ40V型,中古,家電
387,チューナーレステレビ32V型,新品,家電
387,チューナーレステレビ32V型,中古,家電
F300L,冷凍庫300L,新品,家電
385,冷蔵庫(146L)2ドア ハーフ&ハーフ,新品,家電
385,冷蔵庫(146L)2ドア ハーフ&ハーフ,中古,家電
382,フリーザー(60L) 1ドア,新品,家電
382,フリーザー(60L) 1ドア,中古,家電
383,フリーザー(138L) 1ドア,新品,家電
383,フリーザー(138L) 1ドア,中古,家電
384,フリーザー(153L) 1ドア,新品,家電
384,フリーザー(153L) 1ドア,中古,家電
s200 2,カーテン(100×200) 2枚 レース(100×198)2枚 セット,中古,布団・カーテン
福岡,ウインドエアコン延長枠,新品,
SANYU-KL,電気ケトル 【販売】,中古,家電
curtain133,レースカーテン(100×133)2枚組 【販売】,新品,布団・カーテン
curtain133,レースカーテン(100×133)2枚組 【販売】,中古,布団・カーテン
curtain176_1,レースカーテン(100×176) 1枚組 【販売】,新品,布団・カーテン
curtain176_1,レースカーテン(100×176) 1枚組 【販売】,中古,布団・カーテン
curtain176,レースカーテン(100×176)2枚組 【販売】,新品,布団・カーテン
curtain176,レースカーテン(100×176)2枚組 【販売】,中古,布団・カーテン
curtain198,レースカーテン(100×198)2枚組 【販売】,新品,布団・カーテン
curtain198,レースカーテン(100×198)2枚組 【販売】,中古,布団・カーテン
curtain135,ドレープカーテン(100×135)2枚組 【販売】,新品,布団・カーテン
curtain135,ドレープカーテン(100×135)2枚組 【販売】,中古,布団・カーテン
curtain178_1,ドレープカーテン(100×178) 1枚 【販売】,新品,布団・カーテン
curtain178_1,ドレープカーテン(100×178) 1枚 【販売】,中古,布団・カーテン
curtain178_1,ドレープカーテン(100×178)2枚組 【販売】,新品,布団・カーテン
curtain178_1,ドレープカーテン(100×178)2枚組 【販売】,中古,布団・カーテン
curtain200,ドレープカーテン(100×200)2枚組 【販売】,新品,布団・カーテン
curtain200,ドレープカーテン(100×200)2枚組 【販売】,中古,布団・カーテン
SANYU-SL,照明器具(シーリングタイプ)【販売】,中古,家電
SANYU-FN,和式布団セット【販売】,中古,布団・カーテン
324,フリーザー(スリム),新品,家電
324,フリーザー(スリム),中古,家電
10068,家庭用フリーザー175L(IUSD-18A),新品,家電
10068,家庭用フリーザー175L(IUSD-18A),中古,家電
118,家庭用フリーザー118L(HF-12RU),新品,家電
118,家庭用フリーザー118L(HF-12RU),中古,家電
100A,家庭用フリーザー100L,新品,家電
100A,家庭用フリーザー100L,中古,家電
40A,家庭用フリーザー40L(JF-NU40B),新品,家電
40A,家庭用フリーザー40L(JF-NU40B),中古,家電
福岡,フェイスタオル2P(化粧箱入り),新品,
福岡,バスタオル1P(化粧箱入り),新品,
—,ダストボックス グレージュ(コンセント付き),中古,家具
—,前子供乗せ電動アシスト自転車,中古,家具
—,後子供乗せ電動アシスト自転車,中古,家具
—,3人用電動アシスト自転車,中古,家具
—,スポットクーラー【自動首振り機能付き】,新品,家電
—,ミラー付き多機能ハンガーラック(BR),中古,家具
